id,user,uid,version,changeset,timestamp
10598597,TheDutchMan13,1330847,3,49373876,2017-06-08T17:17:44Z
10598615,TheDutchMan13,1330847,3,49373876,2017-06-08T17:17:45Z
10598646,NE2,207745,8,13474436,2012-10-13T03:45:54Z
10598649,Dami_Tn,2012449,8,25238916,2014-09-05T00:32:59Z
10598664,Dami_Tn,2012449,7,25238727,2014-09-05T00:05:50Z
10598798,Dami_Tn,2012449,8,25238727,2014-09-05T00:05:49Z
10598899,manoharuss,3769434,9,40157001,2016-06-20T13:03:04Z
10598903,NE2,207745,6,13474436,2012-10-13T03:45:51Z
10598918,DaveHansenTiger,7168,1,357767,2007-10-30T16:56:49Z
10598923,Dami_Tn,2012449,8,25238916,2014-09-05T00:32:59Z
10599025,TheDutchMan13,1330847,3,49373876,2017-06-08T17:17:52Z
10599049,balrog-kun,20587,2,4248199,2010-03-27T16:48:03Z
10599059,TheDutchMan13,1330847,3,49373876,2017-06-08T17:17:54Z
10599073,TheDutchMan13,1330847,3,49373876,2017-06-08T17:17:55Z
10599188,TheDutchMan13,1330847,4,49373876,2017-06-08T17:18:02Z
10599212,TheDutchMan13,1330847,3,49373876,2017-06-08T17:18:04Z
10599281,balrog-kun,20587,2,4248199,2010-03-27T16:48:21Z
10599285,TheDutchMan13,1330847,4,49373876,2017-06-08T17:18:07Z
10599344,TheDutchMan13,1330847,3,49373876,2017-06-08T17:18:11Z
10599352,TheDutchMan13,1330847,3,49373876,2017-06-08T17:18:11Z
10599367,dchiles,153669,3,20232306,2014-01-27T16:56:47Z
10599399,TheDutchMan13,1330847,3,49373876,2017-06-08T17:18:13Z
10599404,TheDutchMan13,1330847,3,49373876,2017-06-08T17:18:13Z
10599521,TheDutchMan13,1330847,3,49373876,2017-06-08T17:18:20Z
10599534,TheDutchMan13,1330847,2,49373876,2017-06-08T17:18:21Z
10599573,TheDutchMan13,1330847,3,49373876,2017-06-08T17:18:24Z
10599577,TheDutchMan13,1330847,3,49373876,2017-06-08T17:18:24Z
10599589,TheDutchMan13,1330847,3,49373876,2017-06-08T17:18:25Z
10599603,TheDutchMan13,1330847,3,49373876,2017-06-08T17:18:26Z
10599611,TheDutchMan13,1330847,2,49373876,2017-06-08T17:18:27Z
10599640,TheDutchMan13,1330847,3,49373876,2017-06-08T17:18:29Z
10599661,TheDutchMan13,1330847,3,49373876,2017-06-08T17:18:30Z
10599696,TheDutchMan13,1330847,4,49373876,2017-06-08T17:18:32Z
10599698,TheDutchMan13,1330847,3,49373876,2017-06-08T17:18:32Z
10599702,TheDutchMan13,1330847,3,49373876,2017-06-08T17:18:32Z
10599707,TheDutchMan13,1330847,4,49373876,2017-06-08T17:18:32Z
10599714,TheDutchMan13,1330847,3,49373876,2017-06-08T17:18:33Z
10599779,TheDutchMan13,1330847,3,49373876,2017-06-08T17:18:38Z
10599822,balrog-kun,20587,2,4248199,2010-03-27T16:48:55Z
10599858,TheDutchMan13,1330847,3,49373876,2017-06-08T17:18:42Z
10599906,TheDutchMan13,1330847,4,49373876,2017-06-08T17:18:46Z
10599926,TheDutchMan13,1330847,4,49373876,2017-06-08T17:18:46Z
10600090,TheDutchMan13,1330847,3,49373876,2017-06-08T17:18:56Z
10600202,TheDutchMan13,1330847,3,49373876,2017-06-08T17:19:02Z
10600203,TheDutchMan13,1330847,3,49373876,2017-06-08T17:19:02Z
10600205,TheDutchMan13,1330847,3,49373876,2017-06-08T17:19:03Z
10600222,TheDutchMan13,1330847,2,49373876,2017-06-08T17:19:04Z
10600236,TheDutchMan13,1330847,3,49373876,2017-06-08T17:19:05Z
10600293,TheDutchMan13,1330847,3,49373876,2017-06-08T17:19:10Z
10600317,TheDutchMan13,1330847,2,49373876,2017-06-08T17:19:14Z
10600319,TheDutchMan13,1330847,3,49373876,2017-06-08T17:19:14Z
10600332,TheDutchMan13,1330847,3,49373876,2017-06-08T17:19:15Z
10600355,TheDutchMan13,1330847,2,49373876,2017-06-08T17:19:19Z
10600371,TheDutchMan13,1330847,3,49373876,2017-06-08T17:19:21Z
10600409,TheDutchMan13,1330847,4,49373876,2017-06-08T17:19:24Z
10600422,TheDutchMan13,1330847,3,49373876,2017-06-08T17:19:27Z
10600436,TheDutchMan13,1330847,3,49373876,2017-06-08T17:19:29Z
10600437,TheDutchMan13,1330847,4,49373876,2017-06-08T17:19:29Z
10600438,TheDutchMan13,1330847,3,49373876,2017-06-08T17:19:29Z
10600439,TheDutchMan13,1330847,4,49373876,2017-06-08T17:19:29Z
10600441,dchiles,153669,3,20232306,2014-01-27T16:56:49Z
10600479,TheDutchMan13,1330847,4,49373876,2017-06-08T17:19:35Z
10600480,TheDutchMan13,1330847,4,49373876,2017-06-08T17:19:35Z
10600485,TheDutchMan13,1330847,3,49373876,2017-06-08T17:19:36Z
10600486,TheDutchMan13,1330847,3,49373876,2017-06-08T17:19:36Z
10600491,balrog-kun,20587,2,4248199,2010-03-27T16:50:11Z
10600495,balrog-kun,20587,2,4248199,2010-03-27T16:50:11Z
10600508,TheDutchMan13,1330847,2,49373876,2017-06-08T17:19:38Z
10600517,TheDutchMan13,1330847,3,49373876,2017-06-08T17:19:40Z
10600534,TheDutchMan13,1330847,3,49373876,2017-06-08T17:19:42Z
10600535,balrog-kun,20587,2,4248199,2010-03-27T16:50:17Z
10600554,TheDutchMan13,1330847,3,49373876,2017-06-08T17:19:45Z
10600572,TheDutchMan13,1330847,3,49373876,2017-06-08T17:19:47Z
10600574,TheDutchMan13,1330847,3,49373876,2017-06-08T17:19:47Z
10600576,TheDutchMan13,1330847,3,49373876,2017-06-08T17:19:48Z
10600618,TheDutchMan13,1330847,7,49373876,2017-06-08T17:19:53Z
10600619,TheDutchMan13,1330847,14,49373876,2017-06-08T17:19:53Z
10600620,TheDutchMan13,1330847,4,49373876,2017-06-08T17:19:53Z
10600625,TheDutchMan13,1330847,2,49373876,2017-06-08T17:19:54Z
10600663,TheDutchMan13,1330847,3,49373876,2017-06-08T17:19:59Z
10600668,balrog-kun,20587,2,4248199,2010-03-27T16:50:37Z
10600691,DaveHansenTiger,7168,1,358521,2007-10-30T17:12:49Z
10600702,TheDutchMan13,1330847,3,49373876,2017-06-08T17:20:04Z
10600762,TheDutchMan13,1330847,3,49373876,2017-06-08T17:20:12Z
10600790,TheDutchMan13,1330847,2,49373876,2017-06-08T17:20:15Z
10600804,TheDutchMan13,1330847,3,49373876,2017-06-08T17:20:17Z
10600807,TheDutchMan13,1330847,3,49373876,2017-06-08T17:20:17Z
10600812,TheDutchMan13,1330847,3,49373876,2017-06-08T17:20:18Z
10600819,TheDutchMan13,1330847,3,49373876,2017-06-08T17:20:19Z
10600828,TheDutchMan13,1330847,2,49373876,2017-06-08T17:20:19Z
10600853,balrog-kun,20587,2,4248199,2010-03-27T16:51:09Z
10600854,TheDutchMan13,1330847,7,49373876,2017-06-08T17:20:23Z
10600896,TheDutchMan13,1330847,3,49373876,2017-06-08T17:20:28Z
10600920,TheDutchMan13,1330847,3,49373876,2017-06-08T17:20:31Z
10601052,TheDutchMan13,1330847,2,49373876,2017-06-08T17:20:37Z
10601070,TheDutchMan13,1330847,3,49373876,2017-06-08T17:20:40Z
10601075,TheDutchMan13,1330847,4,49373876,2017-06-08T17:20:40Z
10601197,TheDutchMan13,1330847,3,49373876,2017-06-08T17:20:55Z
10601211,TheDutchMan13,1330847,3,49373876,2017-06-08T17:20:57Z
10601218,TheDutchMan13,1330847,2,49373876,2017-06-08T17:20:58Z
10601234,TheDutchMan13,1330847,3,49373876,2017-06-08T17:21:01Z
10601236,TheDutchMan13,1330847,3,49373876,2017-06-08T17:21:01Z
10601252,balrog-kun,20587,2,4332433,2010-04-05T12:30:28Z
10601265,TheDutchMan13,1330847,2,49373876,2017-06-08T17:21:05Z
10601269,TheDutchMan13,1330847,3,49373876,2017-06-08T17:21:06Z
10601298,TheDutchMan13,1330847,3,49373876,2017-06-08T17:21:10Z
10601316,TheDutchMan13,1330847,2,49373876,2017-06-08T17:21:12Z
10601320,TheDutchMan13,1330847,3,49373876,2017-06-08T17:21:13Z
10601321,TheDutchMan13,1330847,2,49373876,2017-06-08T17:21:13Z
10601355,TheDutchMan13,1330847,3,49373876,2017-06-08T17:21:18Z
10601359,TheDutchMan13,1330847,3,49373876,2017-06-08T17:21:18Z
10601360,TheDutchMan13,1330847,4,49373876,2017-06-08T17:21:19Z
10601361,dannykath,2226712,3,31692491,2015-06-03T13:58:45Z
10601378,TheDutchMan13,1330847,3,49373876,2017-06-08T17:21:21Z
10601415,dchiles,153669,3,20232306,2014-01-27T16:56:51Z
10601453,TheDutchMan13,1330847,3,49373876,2017-06-08T17:21:30Z
10601464,TheDutchMan13,1330847,3,49373876,2017-06-08T17:21:32Z
10601468,Hartmut Holzgraefe,12448,3,4289469,2010-03-31T22:07:50Z
10601498,TheDutchMan13,1330847,3,49373876,2017-06-08T17:21:36Z
10601508,TheDutchMan13,1330847,4,49373876,2017-06-08T17:21:37Z
10601509,TheDutchMan13,1330847,3,49373876,2017-06-08T17:21:37Z
10601515,TheDutchMan13,1330847,3,49373876,2017-06-08T17:21:38Z
10601529,TheDutchMan13,1330847,3,49373876,2017-06-08T17:21:40Z
10601538,TheDutchMan13,1330847,3,49373876,2017-06-08T17:21:41Z
10601550,TheDutchMan13,1330847,2,49373876,2017-06-08T17:21:43Z
10601572,TheDutchMan13,1330847,4,49373876,2017-06-08T17:21:46Z
10601594,TheDutchMan13,1330847,3,49373876,2017-06-08T17:21:50Z
10601622,TheDutchMan13,1330847,4,49373876,2017-06-08T17:21:53Z
10601653,TheDutchMan13,1330847,3,49373876,2017-06-08T17:21:56Z
10601667,TheDutchMan13,1330847,3,49373876,2017-06-08T17:21:58Z
10601671,TheDutchMan13,1330847,3,49373876,2017-06-08T17:21:58Z
10601681,TheDutchMan13,1330847,2,49373876,2017-06-08T17:21:59Z
10601702,TheDutchMan13,1330847,5,49373876,2017-06-08T17:22:02Z
10601707,TheDutchMan13,1330847,3,49373876,2017-06-08T17:22:02Z
10601714,balrog-kun,20587,2,4248199,2010-03-27T16:53:12Z
10601723,TheDutchMan13,1330847,3,49373876,2017-06-08T17:22:04Z
10601736,TheDutchMan13,1330847,4,49373876,2017-06-08T17:22:06Z
10601737,TheDutchMan13,1330847,3,49373876,2017-06-08T17:22:07Z
10601738,TheDutchMan13,1330847,3,49373876,2017-06-08T17:22:07Z
10601747,TheDutchMan13,1330847,2,49373876,2017-06-08T17:22:08Z
10601760,balrog-kun,20587,3,4332433,2010-04-05T12:30:29Z
10601774,balrog-kun,20587,2,4248199,2010-03-27T16:53:21Z
10601800,TheDutchMan13,1330847,3,49373876,2017-06-08T17:22:14Z
10601824,TheDutchMan13,1330847,3,49373876,2017-06-08T17:22:17Z
10601830,TheDutchMan13,1330847,3,49373876,2017-06-08T17:22:18Z
10601885,TheDutchMan13,1330847,3,49373876,2017-06-08T17:22:27Z
10601950,TheDutchMan13,1330847,3,49373876,2017-06-08T17:22:33Z
10601951,TheDutchMan13,1330847,3,49373876,2017-06-08T17:22:34Z
10601956,TheDutchMan13,1330847,3,49373876,2017-06-08T17:22:34Z
10601977,TheDutchMan13,1330847,3,49373876,2017-06-08T17:22:37Z
10601980,balrog-kun,20587,2,4248199,2010-03-27T16:53:49Z
10601993,dchiles,153669,3,20232306,2014-01-27T16:56:49Z
10602006,TheDutchMan13,1330847,3,49373876,2017-06-08T17:22:41Z
10602044,TheDutchMan13,1330847,3,49373876,2017-06-08T17:22:47Z
10602050,TheDutchMan13,1330847,3,49373876,2017-06-08T17:22:48Z
10602051,TheDutchMan13,1330847,3,49373876,2017-06-08T17:22:48Z
10602068,TheDutchMan13,1330847,3,49373876,2017-06-08T17:22:51Z
10602073,Hartmut Holzgraefe,12448,3,4289469,2010-03-31T22:07:51Z
10602096,balrog-kun,20587,2,4248199,2010-03-27T16:54:05Z
10602109,TheDutchMan13,1330847,3,49373876,2017-06-08T17:22:55Z
10602168,TheDutchMan13,1330847,3,49373876,2017-06-08T17:23:03Z
10602199,TheDutchMan13,1330847,2,49373876,2017-06-08T17:23:08Z
10602202,TheDutchMan13,1330847,2,49373876,2017-06-08T17:23:08Z
10602203,TheDutchMan13,1330847,2,49373876,2017-06-08T17:23:08Z
10602209,TheDutchMan13,1330847,3,49373876,2017-06-08T17:23:09Z
10602211,TheDutchMan13,1330847,4,49373876,2017-06-08T17:23:09Z
10602230,balrog-kun,20587,2,4248199,2010-03-27T16:54:23Z
10602270,balrog-kun,20587,2,4248199,2010-03-27T16:54:28Z
10602279,TheDutchMan13,1330847,3,49373876,2017-06-08T17:23:18Z
10602281,balrog-kun,20587,2,4248199,2010-03-27T16:54:30Z
10602358,TheDutchMan13,1330847,3,49373876,2017-06-08T17:23:28Z
10602360,balrog-kun,20587,2,4248199,2010-03-27T16:54:41Z
10602395,dchiles,153669,3,20232306,2014-01-27T16:57:04Z
10602401,TheDutchMan13,1330847,3,49373876,2017-06-08T17:23:31Z
10602428,TheDutchMan13,1330847,3,49373876,2017-06-08T17:23:34Z
10602454,TheDutchMan13,1330847,2,49373876,2017-06-08T17:23:38Z
10602457,balrog-kun,20587,2,4248199,2010-03-27T16:54:53Z
10602490,TheDutchMan13,1330847,3,49373876,2017-06-08T17:23:42Z
10602494,TheDutchMan13,1330847,3,49373876,2017-06-08T17:23:43Z
10602545,TheDutchMan13,1330847,3,49373876,2017-06-08T17:23:49Z
10602550,TheDutchMan13,1330847,3,49373876,2017-06-08T17:23:50Z
10602560,TheDutchMan13,1330847,3,49373876,2017-06-08T17:23:51Z
10602595,TheDutchMan13,1330847,3,49373876,2017-06-08T17:23:56Z
10602607,TheDutchMan13,1330847,3,49373876,2017-06-08T17:23:58Z
10602662,TheDutchMan13,1330847,3,49373876,2017-06-08T17:24:06Z
10602663,TheDutchMan13,1330847,4,49373876,2017-06-08T17:24:06Z
10602665,TheDutchMan13,1330847,3,49373876,2017-06-08T17:24:07Z
10602673,TheDutchMan13,1330847,3,49373876,2017-06-08T17:24:08Z
10602700,dchiles,153669,3,20232306,2014-01-27T16:56:51Z
10602718,TheDutchMan13,1330847,3,49373876,2017-06-08T17:24:13Z
10602724,balrog-kun,20587,2,4248199,2010-03-27T16:55:30Z
10602726,RichRico,2219338,3,49110504,2017-05-30T17:40:41Z
10602732,TheDutchMan13,1330847,3,49373876,2017-06-08T17:24:15Z
10602746,TheDutchMan13,1330847,2,49373876,2017-06-08T17:24:17Z
10602806,TheDutchMan13,1330847,3,49373876,2017-06-08T17:24:20Z
10602814,TheDutchMan13,1330847,2,49373876,2017-06-08T17:24:22Z
10602834,TheDutchMan13,1330847,3,49373876,2017-06-08T17:24:24Z
10602835,TheDutchMan13,1330847,3,49373876,2017-06-08T17:24:24Z
10602850,TheDutchMan13,1330847,6,49373876,2017-06-08T17:24:26Z
10602851,TheDutchMan13,1330847,5,49373876,2017-06-08T17:24:27Z
10602877,DaveHansenTiger,7168,1,358521,2007-10-30T17:44:48Z
10602903,TheDutchMan13,1330847,2,49373876,2017-06-08T17:24:34Z
10602942,balrog-kun,20587,2,4248199,2010-03-27T16:56:12Z
10602987,TheDutchMan13,1330847,3,49373876,2017-06-08T17:24:43Z
10602996,TheDutchMan13,1330847,4,49373876,2017-06-08T17:24:44Z
10603007,TheDutchMan13,1330847,4,49373876,2017-06-08T17:24:45Z
10603015,TheDutchMan13,1330847,3,49373876,2017-06-08T17:24:47Z
10603020,TheDutchMan13,1330847,3,49373876,2017-06-08T17:24:48Z
10603032,TheDutchMan13,1330847,3,49373876,2017-06-08T17:24:50Z
10603046,TheDutchMan13,1330847,3,49373876,2017-06-08T17:24:51Z
10603049,TheDutchMan13,1330847,3,49373876,2017-06-08T17:24:52Z
10603073,DanHomerick,160138,3,5005032,2010-06-16T23:02:40Z
10603076,TheDutchMan13,1330847,4,49373876,2017-06-08T17:24:56Z
10603090,TheDutchMan13,1330847,3,49373876,2017-06-08T17:24:58Z
10603093,balrog-kun,20587,2,4248199,2010-03-27T16:56:35Z
10603106,TheDutchMan13,1330847,4,49373876,2017-06-08T17:25:00Z
10603136,TheDutchMan13,1330847,2,49373876,2017-06-08T17:25:04Z
10603139,dannykath,2226712,5,31692491,2015-06-03T13:58:45Z
10603145,DaveHansenTiger,7168,1,358521,2007-10-30T17:48:22Z
10603163,TheDutchMan13,1330847,3,49373876,2017-06-08T17:25:07Z
10603201,TheDutchMan13,1330847,2,49373876,2017-06-08T17:25:11Z
10603212,TheDutchMan13,1330847,3,49373876,2017-06-08T17:25:13Z
10603220,TheDutchMan13,1330847,2,49373876,2017-06-08T17:25:14Z
10603222,balrog-kun,20587,2,4248199,2010-03-27T16:56:53Z
10603249,TheDutchMan13,1330847,4,49373876,2017-06-08T17:25:17Z
10603250,TheDutchMan13,1330847,8,49373876,2017-06-08T17:25:17Z
10603287,TheDutchMan13,1330847,4,49373876,2017-06-08T17:25:19Z
10603295,TheDutchMan13,1330847,3,49373876,2017-06-08T17:25:19Z
10603328,dchiles,153669,3,20232306,2014-01-27T16:56:48Z
10603329,dchiles,153669,3,20232306,2014-01-27T16:56:48Z
10603330,Eureka gold,532783,3,9545188,2011-10-13T08:48:46Z
10603342,TheDutchMan13,1330847,3,49373876,2017-06-08T17:25:23Z
10603343,TheDutchMan13,1330847,3,49373876,2017-06-08T17:25:23Z
10603353,TheDutchMan13,1330847,3,49373876,2017-06-08T17:25:25Z
10603355,TheDutchMan13,1330847,4,49373876,2017-06-08T17:25:25Z
10603356,balrog-kun,20587,2,4248199,2010-03-27T16:57:07Z
10603362,TheDutchMan13,1330847,2,49373876,2017-06-08T17:25:26Z
10603373,TheDutchMan13,1330847,3,49373876,2017-06-08T17:25:27Z
10603396,TheDutchMan13,1330847,3,49373876,2017-06-08T17:25:30Z
10603431,balrog-kun,20587,2,4248199,2010-03-27T16:57:20Z
10603475,TheDutchMan13,1330847,3,49373876,2017-06-08T17:25:39Z
10603483,oldtopos,169004,4,12198415,2012-07-12T17:45:40Z
10603490,TheDutchMan13,1330847,3,49373876,2017-06-08T17:25:41Z
10603498,TheDutchMan13,1330847,3,49373876,2017-06-08T17:25:42Z
10603510,TheDutchMan13,1330847,3,49373876,2017-06-08T17:25:43Z
10603540,TheDutchMan13,1330847,3,49373876,2017-06-08T17:25:47Z
10603616,TheDutchMan13,1330847,3,49373876,2017-06-08T17:25:54Z
10603624,TheDutchMan13,1330847,2,49373876,2017-06-08T17:25:55Z
10603635,TheDutchMan13,1330847,3,49373876,2017-06-08T17:25:56Z
10603645,Hartmut Holzgraefe,12448,3,4289469,2010-03-31T22:07:37Z
10603646,TheDutchMan13,1330847,4,49373876,2017-06-08T17:25:58Z
10603687,TheDutchMan13,1330847,3,49373876,2017-06-08T17:26:02Z
10603706,TheDutchMan13,1330847,2,49373876,2017-06-08T17:26:04Z
10603711,TheDutchMan13,1330847,3,49373876,2017-06-08T17:26:05Z
10603727,balrog-kun,20587,2,4248199,2010-03-27T16:57:57Z
10603746,TheDutchMan13,1330847,3,49373876,2017-06-08T17:26:09Z
10603794,TheDutchMan13,1330847,3,49373876,2017-06-08T17:26:15Z
10603795,Hartmut Holzgraefe,12448,3,4289469,2010-03-31T22:08:20Z
10603806,TheDutchMan13,1330847,2,49373876,2017-06-08T17:26:17Z
10603824,balrog-kun,20587,2,4248199,2010-03-27T16:58:09Z
10603858,TheDutchMan13,1330847,3,49373876,2017-06-08T17:26:21Z
10603859,balrog-kun,20587,2,4248199,2010-03-27T16:58:13Z
10603897,TheDutchMan13,1330847,4,49373876,2017-06-08T17:26:26Z
10603905,TheDutchMan13,1330847,3,49373876,2017-06-08T17:26:26Z
10603944,TheDutchMan13,1330847,3,49373876,2017-06-08T17:26:30Z
10604002,TheDutchMan13,1330847,3,49373876,2017-06-08T17:26:37Z
10604027,TheDutchMan13,1330847,3,49373876,2017-06-08T17:26:39Z
10604033,balrog-kun,20587,2,4248199,2010-03-27T16:58:36Z
10604045,TheDutchMan13,1330847,3,49373876,2017-06-08T17:26:42Z
10604060,TheDutchMan13,1330847,3,49373876,2017-06-08T17:26:44Z
10604065,TheDutchMan13,1330847,2,49373876,2017-06-08T17:26:44Z
10604091,dchiles,153669,3,20271418,2014-01-29T19:47:10Z
10604098,balrog-kun,20587,3,4332433,2010-04-05T12:30:31Z
10604099,TheDutchMan13,1330847,3,49373876,2017-06-08T17:26:50Z
10604111,TheDutchMan13,1330847,3,49373876,2017-06-08T17:26:52Z
10604112,TheDutchMan13,1330847,3,49373876,2017-06-08T17:26:52Z
10604116,balrog-kun,20587,2,4248199,2010-03-27T16:58:48Z
10604122,DaveHansenTiger,7168,1,358521,2007-10-30T18:02:40Z
10604132,TheDutchMan13,1330847,3,49373876,2017-06-08T17:26:53Z
10604146,TheDutchMan13,1330847,3,49373876,2017-06-08T17:26:55Z
10604156,TheDutchMan13,1330847,3,49373876,2017-06-08T17:26:56Z
10604173,TheDutchMan13,1330847,3,49373876,2017-06-08T17:26:58Z
10604193,TheDutchMan13,1330847,2,49373876,2017-06-08T17:27:00Z
10604210,dchiles,153669,3,20232306,2014-01-27T16:56:51Z
10604222,TheDutchMan13,1330847,3,49373876,2017-06-08T17:27:04Z
10604241,dchiles,153669,7,20232306,2014-01-27T16:56:48Z
10604255,TheDutchMan13,1330847,2,49373876,2017-06-08T17:27:08Z
10604265,balrog-kun,20587,2,4248199,2010-03-27T16:59:10Z
10604369,balrog-kun,20587,2,4248199,2010-03-27T16:59:34Z
10604396,TheDutchMan13,1330847,3,49373876,2017-06-08T17:27:25Z
10604406,TheDutchMan13,1330847,3,49373876,2017-06-08T17:27:26Z
10604407,TheDutchMan13,1330847,3,49373876,2017-06-08T17:27:26Z
10604434,TheDutchMan13,1330847,3,49373876,2017-06-08T17:27:29Z
10604499,balrog-kun,20587,2,4248199,2010-03-27T16:59:52Z
10604506,TheDutchMan13,1330847,3,49373876,2017-06-08T17:27:38Z
10604545,TheDutchMan13,1330847,3,49373876,2017-06-08T17:27:44Z
10604547,TheDutchMan13,1330847,3,49373876,2017-06-08T17:27:44Z
10604549,jgcampos1,1844075,3,25931772,2014-10-08T04:12:56Z
10604550,balrog-kun,20587,2,4248199,2010-03-27T16:59:59Z
10604556,TheDutchMan13,1330847,3,49373876,2017-06-08T17:27:45Z
10604557,TheDutchMan13,1330847,3,49373876,2017-06-08T17:27:45Z
10604597,TheDutchMan13,1330847,3,49373876,2017-06-08T17:27:46Z
10604618,TheDutchMan13,1330847,3,49373876,2017-06-08T17:27:49Z
10604638,TheDutchMan13,1330847,3,49373876,2017-06-08T17:27:51Z
10604652,TheDutchMan13,1330847,3,49373876,2017-06-08T17:27:52Z
10604682,balrog-kun,20587,2,4248199,2010-03-27T17:00:13Z
10604685,TheDutchMan13,1330847,2,49373876,2017-06-08T17:27:56Z
10604693,TheDutchMan13,1330847,3,49373876,2017-06-08T17:27:57Z
10604721,TheDutchMan13,1330847,3,49373876,2017-06-08T17:28:01Z
10604727,TheDutchMan13,1330847,3,49373876,2017-06-08T17:28:02Z
10604773,DaveHansenTiger,7168,1,358927,2007-10-30T18:13:02Z
10604792,TheDutchMan13,1330847,3,49373876,2017-06-08T17:28:10Z
10604795,DaveHansenTiger,7168,1,358927,2007-10-30T18:13:25Z
10604833,TheDutchMan13,1330847,3,49373876,2017-06-08T17:28:16Z
10604866,TheDutchMan13,1330847,3,49373876,2017-06-08T17:28:21Z
10604876,TheDutchMan13,1330847,3,49373876,2017-06-08T17:28:22Z
10604884,TheDutchMan13,1330847,3,49373876,2017-06-08T17:28:24Z
10604895,TheDutchMan13,1330847,3,49373876,2017-06-08T17:28:26Z
10604903,TheDutchMan13,1330847,3,49373876,2017-06-08T17:28:27Z
10604913,TheDutchMan13,1330847,3,49373876,2017-06-08T17:28:28Z
10604962,MikeN,135163,8,39421659,2016-05-19T11:18:51Z
10604965,DaveHansenTiger,7168,1,358927,2007-10-30T18:16:13Z
10605008,TheDutchMan13,1330847,3,49373876,2017-06-08T17:28:29Z
10605027,TheDutchMan13,1330847,3,49373876,2017-06-08T17:28:32Z
10605035,TheDutchMan13,1330847,2,49373876,2017-06-08T17:28:34Z
10605089,TheDutchMan13,1330847,2,49373876,2017-06-08T17:28:41Z
10605116,TheDutchMan13,1330847,3,49373876,2017-06-08T17:28:44Z
10605120,TheDutchMan13,1330847,3,49373876,2017-06-08T17:28:44Z
10605132,TheDutchMan13,1330847,3,49373876,2017-06-08T17:28:45Z
10605147,TheDutchMan13,1330847,3,49373876,2017-06-08T17:28:47Z
10605158,TheDutchMan13,1330847,3,49373876,2017-06-08T17:28:48Z
10605160,TheDutchMan13,1330847,3,49373876,2017-06-08T17:28:48Z
10605231,TheDutchMan13,1330847,3,49373876,2017-06-08T17:28:57Z
10605243,TheDutchMan13,1330847,3,49373876,2017-06-08T17:28:59Z
10605275,TheDutchMan13,1330847,5,49373876,2017-06-08T17:29:02Z
10605281,TheDutchMan13,1330847,3,49373876,2017-06-08T17:29:03Z
10605344,TheDutchMan13,1330847,3,49373876,2017-06-08T17:29:11Z
10605347,TheDutchMan13,1330847,4,49373876,2017-06-08T17:29:11Z
10605355,balrog-kun,20587,2,4248199,2010-03-27T17:01:42Z
10605363,TheDutchMan13,1330847,3,49373876,2017-06-08T17:29:13Z
10605376,TheDutchMan13,1330847,3,49373876,2017-06-08T17:29:15Z
10605385,TheDutchMan13,1330847,3,49373876,2017-06-08T17:29:16Z
10605424,Eureka gold,532783,3,9545188,2011-10-13T08:54:35Z
10605447,TheDutchMan13,1330847,7,49373876,2017-06-08T17:29:24Z
10605461,TheDutchMan13,1330847,3,49373876,2017-06-08T17:29:26Z
10605466,TheDutchMan13,1330847,3,49373876,2017-06-08T17:29:27Z
10605477,DaveHansenTiger,7168,1,358927,2007-10-30T18:23:44Z
10605478,TheDutchMan13,1330847,2,49373876,2017-06-08T17:29:29Z
10605479,balrog-kun,20587,2,4248199,2010-03-27T17:02:03Z
10605480,balrog-kun,20587,2,4248199,2010-03-27T17:02:03Z
10605481,balrog-kun,20587,3,4332433,2010-04-05T12:30:32Z
10605507,TheDutchMan13,1330847,3,49373876,2017-06-08T17:29:33Z
10605541,TheDutchMan13,1330847,3,49373876,2017-06-08T17:29:35Z
10605545,TheDutchMan13,1330847,2,49373876,2017-06-08T17:29:36Z
10605595,TheDutchMan13,1330847,3,49373876,2017-06-08T17:29:41Z
10605689,TheDutchMan13,1330847,11,49373876,2017-06-08T17:29:49Z
10605696,Hartmut Holzgraefe,12448,3,4289469,2010-03-31T22:08:06Z
10605737,TheDutchMan13,1330847,3,49373876,2017-06-08T17:29:55Z
10605759,TheDutchMan13,1330847,2,49373876,2017-06-08T17:29:59Z
10605764,balrog-kun,20587,2,4248199,2010-03-27T17:02:37Z
10605797,TheDutchMan13,1330847,3,49373876,2017-06-08T17:30:04Z
10605821,TheDutchMan13,1330847,3,49373876,2017-06-08T17:30:08Z
10605833,TheDutchMan13,1330847,3,49373876,2017-06-08T17:30:09Z
10605843,TheDutchMan13,1330847,11,49373876,2017-06-08T17:30:10Z
10605850,TheDutchMan13,1330847,3,49373876,2017-06-08T17:30:12Z
10605857,TheDutchMan13,1330847,3,49373876,2017-06-08T17:30:12Z
10605858,TheDutchMan13,1330847,3,49373876,2017-06-08T17:30:13Z
10605979,dchiles,153669,3,20232306,2014-01-27T16:56:50Z
10605981,TheDutchMan13,1330847,3,49373876,2017-06-08T17:30:30Z
10605986,TheDutchMan13,1330847,8,49373876,2017-06-08T17:30:31Z
10605989,TheDutchMan13,1330847,5,49373876,2017-06-08T17:30:32Z
10605993,TheDutchMan13,1330847,2,49373876,2017-06-08T17:30:32Z
10606124,TheDutchMan13,1330847,3,49373876,2017-06-08T17:30:47Z
10606144,TheDutchMan13,1330847,3,49373876,2017-06-08T17:30:50Z
10606159,TheDutchMan13,1330847,2,49373876,2017-06-08T17:30:52Z
10606181,TheDutchMan13,1330847,3,49373876,2017-06-08T17:30:55Z
10606209,TheDutchMan13,1330847,2,49373876,2017-06-08T17:30:59Z
10606219,TheDutchMan13,1330847,3,49373876,2017-06-08T17:31:01Z
10606233,TheDutchMan13,1330847,3,49373876,2017-06-08T17:31:03Z
10606242,TheDutchMan13,1330847,3,49373876,2017-06-08T17:31:04Z
10606248,TheDutchMan13,1330847,7,49373876,2017-06-08T17:31:05Z
10606250,TheDutchMan13,1330847,5,49373876,2017-06-08T17:31:05Z
10606256,TheDutchMan13,1330847,3,49373876,2017-06-08T17:31:06Z
10606262,TheDutchMan13,1330847,3,49373876,2017-06-08T17:31:06Z
10606266,TheDutchMan13,1330847,3,49373876,2017-06-08T17:31:07Z
10606274,TheDutchMan13,1330847,3,49373876,2017-06-08T17:31:09Z
10606306,TheDutchMan13,1330847,2,49373876,2017-06-08T17:31:13Z
10606321,TheDutchMan13,1330847,2,49373876,2017-06-08T17:31:16Z
10606330,TheDutchMan13,1330847,3,49373876,2017-06-08T17:31:17Z
10606337,TheDutchMan13,1330847,3,49373876,2017-06-08T17:31:18Z
10606344,TheDutchMan13,1330847,3,49373876,2017-06-08T17:31:19Z
10606375,DaveHansenTiger,7168,1,358927,2007-10-30T18:41:42Z
10606428,TheDutchMan13,1330847,3,49373876,2017-06-08T17:31:32Z
10606432,TheDutchMan13,1330847,3,49373876,2017-06-08T17:31:32Z
10606501,TheDutchMan13,1330847,2,49373876,2017-06-08T17:31:41Z
10606516,TheDutchMan13,1330847,3,49373876,2017-06-08T17:31:44Z
10606518,TheDutchMan13,1330847,3,49373876,2017-06-08T17:31:44Z
10606524,balrog-kun,20587,2,4248199,2010-03-27T17:04:43Z
10606585,Hartmut Holzgraefe,12448,2,4289469,2010-03-31T22:08:16Z
10606661,TheDutchMan13,1330847,3,49373876,2017-06-08T17:32:05Z
10606662,TheDutchMan13,1330847,3,49373876,2017-06-08T17:32:05Z
10606676,TheDutchMan13,1330847,3,49373876,2017-06-08T17:32:07Z
10606708,TheDutchMan13,1330847,3,49373876,2017-06-08T17:32:12Z
10606748,TheDutchMan13,1330847,3,49373876,2017-06-08T17:32:18Z
10606771,balrog-kun,20587,2,4248199,2010-03-27T17:05:22Z
10606789,TheDutchMan13,1330847,3,49373876,2017-06-08T17:32:24Z
10606814,TheDutchMan13,1330847,3,49373876,2017-06-08T17:32:28Z
10606833,TheDutchMan13,1330847,3,49373876,2017-06-08T17:32:31Z
10606849,TheDutchMan13,1330847,3,49373876,2017-06-08T17:32:33Z
10606859,TheDutchMan13,1330847,3,49373876,2017-06-08T17:32:35Z
10606863,TheDutchMan13,1330847,3,49373876,2017-06-08T17:32:35Z
10606874,TheDutchMan13,1330847,3,49373876,2017-06-08T17:32:37Z
10606889,TheDutchMan13,1330847,3,49373876,2017-06-08T17:32:39Z
10606905,Hartmut Holzgraefe,12448,3,4289469,2010-03-31T22:08:19Z
10606961,TheDutchMan13,1330847,3,49373876,2017-06-08T17:32:47Z
10606972,TheDutchMan13,1330847,3,49373876,2017-06-08T17:32:48Z
10606981,TheDutchMan13,1330847,3,49373876,2017-06-08T17:32:49Z
10606983,TheDutchMan13,1330847,3,49373876,2017-06-08T17:32:49Z
10606995,TheDutchMan13,1330847,3,49373876,2017-06-08T17:32:50Z
10607003,TheDutchMan13,1330847,3,49373876,2017-06-08T17:32:51Z
10607007,TheDutchMan13,1330847,3,49373876,2017-06-08T17:32:51Z
10607071,balrog-kun,20587,2,4248199,2010-03-27T17:06:05Z
10607105,balrog-kun,20587,2,4248199,2010-03-27T17:06:09Z
10607215,TheDutchMan13,1330847,3,49373876,2017-06-08T17:33:16Z
10607224,TheDutchMan13,1330847,3,49373876,2017-06-08T17:33:17Z
10607244,TheDutchMan13,1330847,2,49373876,2017-06-08T17:33:19Z
10607252,TheDutchMan13,1330847,3,49373876,2017-06-08T17:33:20Z
10607358,TheDutchMan13,1330847,3,49373876,2017-06-08T17:33:31Z
10607429,balrog-kun,20587,2,4248199,2010-03-27T17:06:53Z
10607432,balrog-kun,20587,2,4248199,2010-03-27T17:06:53Z
10607455,TheDutchMan13,1330847,3,49373876,2017-06-08T17:33:42Z
10607523,balrog-kun,20587,2,4248199,2010-03-27T17:07:04Z
10607539,TheDutchMan13,1330847,3,49373876,2017-06-08T17:33:53Z
10607551,TheDutchMan13,1330847,3,49373876,2017-06-08T17:33:54Z
10607554,TheDutchMan13,1330847,3,49373876,2017-06-08T17:33:54Z
10607555,TheDutchMan13,1330847,3,49373876,2017-06-08T17:33:55Z
10607593,TheDutchMan13,1330847,3,49373876,2017-06-08T17:33:59Z
10607594,TheDutchMan13,1330847,3,49373876,2017-06-08T17:33:59Z
10607612,TheDutchMan13,1330847,3,49373876,2017-06-08T17:34:01Z
10607614,TheDutchMan13,1330847,3,49373876,2017-06-08T17:34:01Z
10607667,Hartmut Holzgraefe,12448,3,4289469,2010-03-31T22:07:49Z
10607756,TheDutchMan13,1330847,3,49373876,2017-06-08T17:34:07Z
10607769,TheDutchMan13,1330847,6,49373876,2017-06-08T17:34:08Z
10607781,balrog-kun,20587,2,4248199,2010-03-27T17:07:23Z
10607782,TheDutchMan13,1330847,3,49373876,2017-06-08T17:34:09Z
10607838,TheDutchMan13,1330847,4,49373876,2017-06-08T17:34:15Z
10607895,TheDutchMan13,1330847,3,49373876,2017-06-08T17:34:22Z
10607992,TheDutchMan13,1330847,3,49373876,2017-06-08T17:34:31Z
10608013,TheDutchMan13,1330847,3,49373876,2017-06-08T17:34:34Z
10608041,TheDutchMan13,1330847,2,49373876,2017-06-08T17:34:37Z
10608072,TheDutchMan13,1330847,2,49373876,2017-06-08T17:34:38Z
10608210,TheDutchMan13,1330847,5,49373876,2017-06-08T17:34:49Z
10608265,TheDutchMan13,1330847,4,49373876,2017-06-08T17:34:55Z
10608266,TheDutchMan13,1330847,3,49373876,2017-06-08T17:34:55Z
10608267,TheDutchMan13,1330847,3,49373876,2017-06-08T17:34:56Z
10608302,dchiles,153669,3,20232306,2014-01-27T16:56:47Z
10608312,TheDutchMan13,1330847,3,49373876,2017-06-08T17:35:00Z
10608331,TheDutchMan13,1330847,3,49373876,2017-06-08T17:35:02Z
10608336,TheDutchMan13,1330847,4,49373876,2017-06-08T17:35:02Z
10608338,TheDutchMan13,1330847,3,49373876,2017-06-08T17:35:03Z
10608339,TheDutchMan13,1330847,3,49373876,2017-06-08T17:35:03Z
10608342,TheDutchMan13,1330847,3,49373876,2017-06-08T17:35:03Z
10608343,balrog-kun,20587,2,4248199,2010-03-27T17:08:15Z
10608377,TheDutchMan13,1330847,3,49373876,2017-06-08T17:35:07Z
10608430,TheDutchMan13,1330847,3,49373876,2017-06-08T17:35:13Z
10608437,TheDutchMan13,1330847,2,49373876,2017-06-08T17:35:14Z
10608468,TheDutchMan13,1330847,3,49373876,2017-06-08T17:35:18Z
10608493,TheDutchMan13,1330847,3,49373876,2017-06-08T17:35:21Z
10608504,TheDutchMan13,1330847,2,49373876,2017-06-08T17:35:22Z
10608542,dchiles,153669,3,20232306,2014-01-27T16:56:52Z
10608543,TheDutchMan13,1330847,3,49373876,2017-06-08T17:35:27Z
10608550,TheDutchMan13,1330847,4,49373876,2017-06-08T17:35:28Z
10608633,TheDutchMan13,1330847,3,49373876,2017-06-08T17:35:31Z
10608684,TheDutchMan13,1330847,3,49373876,2017-06-08T17:35:38Z
10608685,TheDutchMan13,1330847,4,49373876,2017-06-08T17:35:38Z
10608712,balrog-kun,20587,2,4248199,2010-03-27T17:08:52Z
10608713,balrog-kun,20587,2,4248199,2010-03-27T17:08:52Z
10608714,TheDutchMan13,1330847,3,49373876,2017-06-08T17:35:42Z
10608804,TheDutchMan13,1330847,3,49373876,2017-06-08T17:35:51Z
10608807,DaveHansenTiger,7168,1,358927,2007-10-30T19:09:24Z
10608810,TheDutchMan13,1330847,4,49373876,2017-06-08T17:35:52Z
10608831,TheDutchMan13,1330847,2,49373876,2017-06-08T17:35:54Z
10608841,TheDutchMan13,1330847,4,49373876,2017-06-08T17:35:55Z
10608845,TheDutchMan13,1330847,3,49373876,2017-06-08T17:35:56Z
10608887,TheDutchMan13,1330847,3,49373876,2017-06-08T17:35:58Z
10608893,balrog-kun,20587,2,4248199,2010-03-27T17:09:10Z
10608894,TheDutchMan13,1330847,5,49373876,2017-06-08T17:35:59Z
10608903,TheDutchMan13,1330847,3,49373876,2017-06-08T17:36:00Z
10608921,TheDutchMan13,1330847,3,49373876,2017-06-08T17:36:02Z
10608923,TheDutchMan13,1330847,3,49373876,2017-06-08T17:36:02Z
10608939,TheDutchMan13,1330847,2,49373876,2017-06-08T17:36:04Z
10609003,TheDutchMan13,1330847,4,49373876,2017-06-08T17:36:11Z
10609004,TheDutchMan13,1330847,4,49373876,2017-06-08T17:36:11Z
10609015,TheDutchMan13,1330847,3,49373876,2017-06-08T17:36:13Z
10609029,TheDutchMan13,1330847,7,49373876,2017-06-08T17:36:15Z
10609071,TheDutchMan13,1330847,3,49373876,2017-06-08T17:36:20Z
10609099,TheDutchMan13,1330847,3,49373876,2017-06-08T17:36:24Z
10609105,TheDutchMan13,1330847,3,49373876,2017-06-08T17:36:25Z
10609162,TheDutchMan13,1330847,3,49373876,2017-06-08T17:36:32Z
10609167,TheDutchMan13,1330847,3,49373876,2017-06-08T17:36:32Z
10609172,TheDutchMan13,1330847,6,49373876,2017-06-08T17:36:33Z
10609189,TheDutchMan13,1330847,3,49373876,2017-06-08T17:36:34Z
10609208,TheDutchMan13,1330847,4,49373876,2017-06-08T17:36:37Z
10609227,TheDutchMan13,1330847,3,49373876,2017-06-08T17:36:39Z
10609302,TheDutchMan13,1330847,3,49373876,2017-06-08T17:36:47Z
10609310,TheDutchMan13,1330847,4,49373876,2017-06-08T17:36:48Z
10609344,TheDutchMan13,1330847,5,49373876,2017-06-08T17:36:52Z
10609366,TheDutchMan13,1330847,3,49373876,2017-06-08T17:36:54Z
10609371,balrog-kun,20587,2,4248199,2010-03-27T17:10:27Z
10609402,TheDutchMan13,1330847,3,49373876,2017-06-08T17:36:57Z
10609433,TheDutchMan13,1330847,2,49373876,2017-06-08T17:37:00Z
10609530,TheDutchMan13,1330847,5,49373876,2017-06-08T17:37:08Z
10609570,TheDutchMan13,1330847,3,49373876,2017-06-08T17:37:13Z
10609589,balrog-kun,20587,2,4248199,2010-03-27T17:10:52Z
10609590,TheDutchMan13,1330847,3,49373876,2017-06-08T17:37:15Z
10609591,TheDutchMan13,1330847,3,49373876,2017-06-08T17:37:15Z
10609678,TheDutchMan13,1330847,3,49373876,2017-06-08T17:37:26Z
10609697,TheDutchMan13,1330847,3,49373876,2017-06-08T17:37:30Z
10609701,TheDutchMan13,1330847,3,49373876,2017-06-08T17:37:30Z
10609792,TheDutchMan13,1330847,2,49373876,2017-06-08T17:37:38Z
10609797,balrog-kun,20587,2,4248199,2010-03-27T17:11:15Z
10609843,TheDutchMan13,1330847,3,49373876,2017-06-08T17:37:44Z
10609879,TheDutchMan13,1330847,3,49373876,2017-06-08T17:37:49Z
10609881,TheDutchMan13,1330847,3,49373876,2017-06-08T17:37:49Z
10609886,balrog-kun,20587,2,4248199,2010-03-27T17:11:27Z
10609890,TheDutchMan13,1330847,3,49373876,2017-06-08T17:37:51Z
10609905,TheDutchMan13,1330847,2,49373876,2017-06-08T17:37:53Z
10609931,TheDutchMan13,1330847,3,49373876,2017-06-08T17:37:57Z
10609935,TheDutchMan13,1330847,4,49373876,2017-06-08T17:37:58Z
10609936,TheDutchMan13,1330847,5,49373876,2017-06-08T17:37:58Z
10609968,TheDutchMan13,1330847,4,49373876,2017-06-08T17:38:01Z
10609972,TheDutchMan13,1330847,4,49373876,2017-06-08T17:38:02Z
10609975,TheDutchMan13,1330847,3,49373876,2017-06-08T17:38:02Z
10609991,balrog-kun,20587,2,4248199,2010-03-27T17:11:42Z
10609996,TheDutchMan13,1330847,3,49373876,2017-06-08T17:38:05Z
10610002,TheDutchMan13,1330847,3,49373876,2017-06-08T17:38:05Z
10610012,TheDutchMan13,1330847,3,49373876,2017-06-08T17:38:06Z
10610041,TheDutchMan13,1330847,3,49373876,2017-06-08T17:38:11Z
10610049,TheDutchMan13,1330847,5,49373876,2017-06-08T17:38:12Z
10610050,TheDutchMan13,1330847,6,49373876,2017-06-08T17:38:12Z
10610056,TheDutchMan13,1330847,3,49373876,2017-06-08T17:38:13Z
10610062,TheDutchMan13,1330847,3,49373876,2017-06-08T17:38:14Z
10610081,TheDutchMan13,1330847,3,49373876,2017-06-08T17:38:15Z
10610110,TheDutchMan13,1330847,2,49373876,2017-06-08T17:38:17Z
10610139,TheDutchMan13,1330847,3,49373876,2017-06-08T17:38:20Z
10610172,TheDutchMan13,1330847,3,49373876,2017-06-08T17:38:23Z
10610187,balrog-kun,20587,2,4248199,2010-03-27T17:12:04Z
10610193,TheDutchMan13,1330847,3,49373876,2017-06-08T17:38:26Z
10610195,TheDutchMan13,1330847,2,49373876,2017-06-08T17:38:26Z
10610213,TheDutchMan13,1330847,3,49373876,2017-06-08T17:38:28Z
10610220,TheDutchMan13,1330847,4,49373876,2017-06-08T17:38:28Z
25155316,Rudolf Mayer,1249205,3,21091240,2014-03-13T22:56:18Z
25155350,happy5214,199837,12,27110045,2014-11-29T12:38:59Z
33073351,happy5214,199837,10,26778214,2014-11-14T14:33:06Z
33073352,Hartmut Holzgraefe,12448,2,4289469,2010-03-31T22:08:37Z
33073353,LukeSkydragon,5201796,3,45540787,2017-01-27T03:43:56Z
33073590,happy5214,199837,3,26778214,2014-11-14T14:33:07Z
33164088,happy5214,199837,6,26778214,2014-11-14T14:33:08Z
34369436,NE2,207745,3,13339919,2012-10-02T20:43:31Z
34369531,NE2,207745,2,13339919,2012-10-02T20:44:13Z
34370239,NE2,207745,5,13474436,2012-10-13T03:46:02Z
34401903,TheDutchMan13,1330847,5,49373876,2017-06-08T17:38:49Z
34401904,TheDutchMan13,1330847,5,49373876,2017-06-08T17:38:49Z
34401905,NE2,207745,4,13474436,2012-10-13T03:46:03Z
34401906,TheDutchMan13,1330847,5,49373876,2017-06-08T17:38:49Z
34401907,TheDutchMan13,1330847,12,49373876,2017-06-08T17:38:49Z
34401922,TheDutchMan13,1330847,7,49373876,2017-06-08T17:38:50Z
41375054,TheDutchMan13,1330847,4,49373876,2017-06-08T17:38:57Z
41375056,TheDutchMan13,1330847,5,49373876,2017-06-08T17:38:57Z
41375112,maxerickson,360392,12,32564330,2015-07-11T13:26:05Z
41375116,n76,318696,10,20189951,2014-01-25T08:57:33Z
41375138,maxerickson,360392,11,32564352,2015-07-11T13:27:03Z
41375140,n76,318696,13,20189951,2014-01-25T08:57:22Z
41375187,TheDutchMan13,1330847,6,49373876,2017-06-08T17:38:57Z
41375189,TheDutchMan13,1330847,9,49373876,2017-06-08T17:38:58Z
48081051,n76,318696,8,20189951,2014-01-25T08:57:54Z
48082193,n76,318696,9,20189951,2014-01-25T08:57:55Z
48082195,maxerickson,360392,9,32564330,2015-07-11T13:26:05Z
48082196,maxerickson,360392,9,32564352,2015-07-11T13:27:03Z
48082197,n76,318696,8,20189951,2014-01-25T08:57:37Z
48082997,n76,318696,9,20189951,2014-01-25T08:57:25Z
62094830,DanHomerick,160138,1,5005032,2010-06-16T23:02:21Z
62094841,DanHomerick,160138,1,5005032,2010-06-16T23:02:29Z
75927494,nmixter,55774,2,22282286,2014-05-12T01:31:27Z
75927527,bdiscoe,402624,3,42851039,2016-10-13T08:26:17Z
75928052,bdiscoe,402624,3,42851039,2016-10-13T08:26:25Z
80575406,nmixter,55774,1,5976024,2010-10-07T08:19:22Z
80678554,WorstFixer,678132,2,11582737,2012-05-13T08:24:29Z
80678561,malenki,39504,3,22920297,2014-06-14T06:08:56Z
80678630,WorstFixer,678132,2,11582737,2012-05-13T08:24:36Z
80678778,malenki,39504,3,22920297,2014-06-14T06:09:05Z
80678844,WorstFixer,678132,2,11582737,2012-05-13T08:25:11Z
80678890,WorstFixer,678132,2,11582737,2012-05-13T08:25:22Z
80678965,WorstFixer,678132,2,11582737,2012-05-13T08:25:47Z
80678981,WorstFixer,678132,2,11582737,2012-05-13T08:25:52Z
80679007,WorstFixer,678132,2,11582737,2012-05-13T08:26:00Z
80679020,WorstFixer,678132,2,11582737,2012-05-13T08:26:05Z
80679146,Eureka gold,532783,2,9545188,2011-10-13T09:06:59Z
80679151,WorstFixer,678132,2,11582737,2012-05-13T08:26:34Z
80679152,WorstFixer,678132,2,11582737,2012-05-13T08:26:34Z
80679160,WorstFixer,678132,2,11582737,2012-05-13T08:26:36Z
80679185,WorstFixer,678132,2,11582737,2012-05-13T08:26:42Z
80679197,WorstFixer,678132,2,11582737,2012-05-13T08:26:48Z
80679274,WorstFixer,678132,2,11582737,2012-05-13T08:27:09Z
80679294,malenki,39504,3,22920297,2014-06-14T06:09:54Z
80679315,WorstFixer,678132,2,11582737,2012-05-13T08:27:23Z
80679344,WorstFixer,678132,2,11582737,2012-05-13T08:27:33Z
80679608,WorstFixer,678132,2,11582737,2012-05-13T08:28:18Z
80679635,WorstFixer,678132,2,11582737,2012-05-13T08:28:26Z
80679658,malenki,39504,3,22920297,2014-06-14T06:10:18Z
80690869,nmixter,55774,1,5983461,2010-10-08T08:02:56Z
80691873,nmixter,55774,2,7057920,2011-01-23T05:51:05Z
80696757,nmixter,55774,1,5983445,2010-10-08T08:25:57Z
80697016,nmixter,55774,1,5983445,2010-10-08T08:26:18Z
80699865,nmixter,55774,1,5983445,2010-10-08T08:34:46Z
80699944,dchiles,153669,2,20271398,2014-01-29T19:46:10Z
80700091,nmixter,55774,3,22282286,2014-05-12T01:30:13Z
80700253,nmixter,55774,2,22282286,2014-05-12T01:29:49Z
80700637,Eureka gold,532783,4,9545188,2011-10-13T09:02:22Z
80702147,jumbanho,38487,4,10317164,2012-01-06T23:41:00Z
80702151,nmixter,55774,2,7057920,2011-01-23T05:51:13Z
80702384,LukeSkydragon,5201796,4,45532528,2017-01-26T22:19:11Z
128573817,nmixter,55774,1,9189638,2011-09-02T01:22:47Z
128573818,nmixter,55774,1,9189638,2011-09-02T01:22:47Z
128573828,nmixter,55774,1,9189638,2011-09-02T01:22:51Z
128573830,nmixter,55774,1,9189638,2011-09-02T01:22:51Z
128573832,nmixter,55774,1,9189638,2011-09-02T01:22:51Z
128573857,nmixter,55774,1,9189638,2011-09-02T01:23:04Z
128573881,nmixter,55774,1,9189638,2011-09-02T01:23:06Z
128573895,nmixter,55774,1,9189638,2011-09-02T01:23:08Z
128573919,nmixter,55774,1,9189638,2011-09-02T01:23:15Z
133339900,nmixter,55774,1,9560546,2011-10-15T04:51:02Z
133339902,nmixter,55774,1,9560546,2011-10-15T04:51:02Z
133339905,nmixter,55774,1,9560546,2011-10-15T04:51:03Z
133339908,nmixter,55774,1,9560546,2011-10-15T04:51:03Z
133339937,nmixter,55774,1,9560546,2011-10-15T04:51:11Z
133344406,Eureka gold,532783,1,9560852,2011-10-15T07:16:39Z
133344408,TheDutchMan13,1330847,4,49373876,2017-06-08T17:39:21Z
133344465,eric22,160949,2,44193029,2016-12-05T21:27:58Z
133344507,Eureka gold,532783,1,9560852,2011-10-15T07:17:28Z
133344531,eric22,160949,2,44193029,2016-12-05T21:27:56Z
133344539,xybot,70696,2,9565512,2011-10-15T17:39:02Z
133344593,Eureka gold,532783,1,9560852,2011-10-15T07:18:08Z
133344648,Eureka gold,532783,1,9560852,2011-10-15T07:18:21Z
133344652,Eureka gold,532783,1,9560852,2011-10-15T07:18:22Z
133344684,Eureka gold,532783,1,9560852,2011-10-15T07:18:47Z
133344695,Eureka gold,532783,1,9560852,2011-10-15T07:18:52Z
133344706,Eureka gold,532783,1,9560852,2011-10-15T07:18:56Z
133344764,Eureka gold,532783,1,9560852,2011-10-15T07:19:27Z
133344783,Eureka gold,532783,1,9560852,2011-10-15T07:19:36Z
133344964,Eureka gold,532783,1,9560852,2011-10-15T07:20:23Z
133345047,Eureka gold,532783,1,9560852,2011-10-15T07:21:06Z
133345094,Eureka gold,532783,1,9560852,2011-10-15T07:21:26Z
133345227,Eureka gold,532783,1,9560852,2011-10-15T07:22:26Z
133345279,Eureka gold,532783,1,9560852,2011-10-15T07:22:40Z
133345285,Rudolf Mayer,1249205,2,20876850,2014-03-02T23:11:09Z
133345306,Eureka gold,532783,1,9560852,2011-10-15T07:22:52Z
133345338,Eureka gold,532783,1,9560852,2011-10-15T07:23:09Z
133345604,xybot,70696,2,9565512,2011-10-15T17:41:40Z
133345746,Eureka gold,532783,1,9560852,2011-10-15T07:26:06Z
133345778,Eureka gold,532783,1,9560852,2011-10-15T07:26:20Z
133345793,Eureka gold,532783,1,9560852,2011-10-15T07:26:34Z
133345815,Eureka gold,532783,1,9560852,2011-10-15T07:26:45Z
133345832,Eureka gold,532783,1,9560852,2011-10-15T07:27:01Z
133345903,Eureka gold,532783,1,9560852,2011-10-15T07:27:34Z
133346076,Eureka gold,532783,1,9560852,2011-10-15T07:28:57Z
133346105,RichRico,2219338,2,49110504,2017-05-30T17:40:42Z
133346298,Eureka gold,532783,1,9560852,2011-10-15T07:30:41Z
133346396,Eureka gold,532783,1,9560852,2011-10-15T07:31:13Z
133346408,Eureka gold,532783,1,9560852,2011-10-15T07:31:18Z
133346412,Eureka gold,532783,1,9560852,2011-10-15T07:31:18Z
133346445,xybot,70696,2,9565512,2011-10-15T17:43:14Z
133346561,Eureka gold,532783,1,9560852,2011-10-15T07:32:42Z
133346885,Eureka gold,532783,1,9560852,2011-10-15T07:41:46Z
133346946,Eureka gold,532783,1,9560852,2011-10-15T07:42:09Z
133346957,Eureka gold,532783,1,9560852,2011-10-15T07:42:14Z
133346959,Eureka gold,532783,1,9560852,2011-10-15T07:42:14Z
133347027,Eureka gold,532783,1,9560852,2011-10-15T07:42:39Z
133347222,Eureka gold,532783,1,9560852,2011-10-15T07:43:53Z
133347655,Rudolf Mayer,1249205,2,20876850,2014-03-02T23:11:09Z
133347771,Eureka gold,532783,1,9560852,2011-10-15T07:48:27Z
133347899,Eureka gold,532783,1,9560852,2011-10-15T07:49:33Z
133347924,Eureka gold,532783,1,9560852,2011-10-15T07:49:45Z
133348110,Eureka gold,532783,1,9560852,2011-10-15T07:51:38Z
133348280,nmixter,55774,2,22282286,2014-05-12T01:34:31Z
133348303,Eureka gold,532783,1,9560852,2011-10-15T07:53:14Z
153662871,zephyr,121241,3,13175781,2012-09-19T20:48:31Z
185564632,TheDutchMan13,1330847,2,49373876,2017-06-08T17:39:46Z
185564638,TheDutchMan13,1330847,2,49373876,2017-06-08T17:39:47Z
185564639,TheDutchMan13,1330847,2,49373876,2017-06-08T17:39:47Z
185564640,TheDutchMan13,1330847,2,49373876,2017-06-08T17:39:47Z
185564645,TheDutchMan13,1330847,2,49373876,2017-06-08T17:39:48Z
185564657,TheDutchMan13,1330847,3,49373876,2017-06-08T17:39:50Z
185564658,TheDutchMan13,1330847,4,49373876,2017-06-08T17:39:50Z
185564667,Field Enterprise,1734334,2,46285131,2017-02-21T19:51:14Z
185564668,dannykath,2226712,3,31692491,2015-06-03T13:58:46Z
185564677,Field Enterprise,1734334,3,46285131,2017-02-21T19:51:14Z
185564681,Field Enterprise,1734334,2,46285131,2017-02-21T19:51:14Z
185564684,NE2,207745,1,13474436,2012-10-13T03:44:22Z
185564685,Dami_Tn,2012449,2,26784124,2014-11-14T19:06:27Z
185564686,NE2,207745,1,13474436,2012-10-13T03:44:23Z
185564687,Field Enterprise,1734334,3,46285131,2017-02-21T19:51:14Z
185564765,calfarome,2511706,3,49141942,2017-05-31T17:18:25Z
258650846,dchiles,153669,1,20232306,2014-01-27T16:56:40Z
258650847,dchiles,153669,1,20232306,2014-01-27T16:56:40Z
258650848,dchiles,153669,1,20232306,2014-01-27T16:56:40Z
258650849,dchiles,153669,1,20232306,2014-01-27T16:56:40Z
258650850,dchiles,153669,1,20232306,2014-01-27T16:56:40Z
258650851,dchiles,153669,1,20232306,2014-01-27T16:56:40Z
258650852,dchiles,153669,1,20232306,2014-01-27T16:56:40Z
258650853,TheDutchMan13,1330847,2,49373876,2017-06-08T17:40:06Z
258650854,TheDutchMan13,1330847,2,49373876,2017-06-08T17:40:06Z
258650855,TheDutchMan13,1330847,2,49373876,2017-06-08T17:40:06Z
258650856,TheDutchMan13,1330847,2,49373876,2017-06-08T17:40:06Z
258650857,TheDutchMan13,1330847,2,49373876,2017-06-08T17:40:07Z
258650858,TheDutchMan13,1330847,2,49373876,2017-06-08T17:40:07Z
258650859,TheDutchMan13,1330847,2,49373876,2017-06-08T17:40:07Z
258650860,TheDutchMan13,1330847,2,49373876,2017-06-08T17:40:07Z
258650861,TheDutchMan13,1330847,2,49373876,2017-06-08T17:40:07Z
258650862,TheDutchMan13,1330847,4,49373876,2017-06-08T17:40:08Z
258650863,dchiles,153669,1,20232306,2014-01-27T16:56:42Z
258650864,dchiles,153669,1,20232306,2014-01-27T16:56:42Z
258650865,dchiles,153669,1,20232306,2014-01-27T16:56:42Z
258650866,TheDutchMan13,1330847,2,49373876,2017-06-08T17:40:08Z
258650867,TheDutchMan13,1330847,2,49373876,2017-06-08T17:40:08Z
258650868,TheDutchMan13,1330847,2,49373876,2017-06-08T17:40:08Z
258650869,TheDutchMan13,1330847,3,49373876,2017-06-08T17:40:08Z
258650870,dchiles,153669,1,20232306,2014-01-27T16:56:43Z
258650871,dchiles,153669,1,20232306,2014-01-27T16:56:43Z
258650872,dchiles,153669,1,20232306,2014-01-27T16:56:43Z
258650873,dchiles,153669,1,20232306,2014-01-27T16:56:43Z
258650874,dchiles,153669,1,20232306,2014-01-27T16:56:43Z
258650875,dchiles,153669,1,20232306,2014-01-27T16:56:43Z
258650876,dchiles,153669,1,20232306,2014-01-27T16:56:44Z
258650877,dchiles,153669,1,20232306,2014-01-27T16:56:44Z
258650878,dchiles,153669,1,20232306,2014-01-27T16:56:44Z
258650879,dchiles,153669,1,20232306,2014-01-27T16:56:44Z
258650880,dchiles,153669,1,20232306,2014-01-27T16:56:44Z
258650881,dchiles,153669,1,20232306,2014-01-27T16:56:44Z
258650882,dchiles,153669,1,20232306,2014-01-27T16:56:44Z
258650883,dchiles,153669,1,20232306,2014-01-27T16:56:44Z
258650884,dchiles,153669,1,20232306,2014-01-27T16:56:44Z
258650885,dchiles,153669,1,20232306,2014-01-27T16:56:44Z
258650886,dchiles,153669,1,20232306,2014-01-27T16:56:44Z
258650887,dchiles,153669,1,20232306,2014-01-27T16:56:45Z
258650888,dchiles,153669,1,20232306,2014-01-27T16:56:45Z
258650889,dchiles,153669,1,20232306,2014-01-27T16:56:45Z
258650890,dchiles,153669,1,20232306,2014-01-27T16:56:45Z
258650891,dchiles,153669,1,20232306,2014-01-27T16:56:45Z
258650892,TheDutchMan13,1330847,2,49373876,2017-06-08T17:40:09Z
258650894,TheDutchMan13,1330847,2,49373876,2017-06-08T17:40:09Z
258650895,TheDutchMan13,1330847,2,49373876,2017-06-08T17:40:09Z
258650896,TheDutchMan13,1330847,2,49373876,2017-06-08T17:40:09Z
258650897,TheDutchMan13,1330847,2,49373876,2017-06-08T17:40:09Z
258650898,TheDutchMan13,1330847,2,49373876,2017-06-08T17:40:10Z
258650899,TheDutchMan13,1330847,2,49373876,2017-06-08T17:40:10Z
258650900,TheDutchMan13,1330847,2,49373876,2017-06-08T17:40:10Z
258650901,TheDutchMan13,1330847,2,49373876,2017-06-08T17:40:10Z
258650902,TheDutchMan13,1330847,2,49373876,2017-06-08T17:40:10Z
258650903,dchiles,153669,1,20232306,2014-01-27T16:56:47Z
258650904,dchiles,153669,1,20232306,2014-01-27T16:56:47Z
258650905,dchiles,153669,1,20232306,2014-01-27T16:56:47Z
258650906,dchiles,153669,1,20232306,2014-01-27T16:56:47Z
258650907,dchiles,153669,1,20232306,2014-01-27T16:56:47Z
258943893,dchiles,153669,1,20271350,2014-01-29T19:44:15Z
258943894,dchiles,153669,1,20271350,2014-01-29T19:44:15Z
258943896,dchiles,153669,1,20271350,2014-01-29T19:44:15Z
258943898,dchiles,153669,1,20271350,2014-01-29T19:44:15Z
258943899,dchiles,153669,1,20271350,2014-01-29T19:44:16Z
258943901,dchiles,153669,1,20271350,2014-01-29T19:44:16Z
258943903,dchiles,153669,1,20271350,2014-01-29T19:44:16Z
258944116,dchiles,153669,1,20271398,2014-01-29T19:46:10Z
258944118,dchiles,153669,1,20271398,2014-01-29T19:46:10Z
258944166,dchiles,153669,1,20271418,2014-01-29T19:47:10Z
258944167,dchiles,153669,1,20271418,2014-01-29T19:47:10Z
258944168,dchiles,153669,1,20271418,2014-01-29T19:47:10Z
281232777,eric22,160949,6,44193029,2016-12-05T21:27:44Z
306784869,jgcampos1,1844075,1,25931772,2014-10-08T04:12:56Z
312779109,happy5214,199837,1,26778214,2014-11-14T14:32:53Z
312779111,Field Enterprise,1734334,2,38972045,2016-04-29T04:19:30Z
312779112,happy5214,199837,1,26778214,2014-11-14T14:32:54Z
312779114,happy5214,199837,1,26778214,2014-11-14T14:32:55Z
312779115,MikeN,135163,2,39421659,2016-05-19T11:18:50Z
312779117,happy5214,199837,1,26778214,2014-11-14T14:32:56Z
312779118,happy5214,199837,1,26778214,2014-11-14T14:32:56Z
312779119,happy5214,199837,1,26778214,2014-11-14T14:32:56Z
312779120,dannykath,2226712,2,48983868,2017-05-25T20:38:27Z
312779123,happy5214,199837,1,26778214,2014-11-14T14:32:57Z
312779176,happy5214,199837,1,26778214,2014-11-14T14:33:01Z
312779177,eric22,160949,2,44193029,2016-12-05T21:27:54Z
312779179,happy5214,199837,1,26778214,2014-11-14T14:33:01Z
312779181,happy5214,199837,1,26778214,2014-11-14T14:33:01Z
312779182,happy5214,199837,1,26778214,2014-11-14T14:33:01Z
312779183,calfarome,2511706,2,49083026,2017-05-29T19:28:40Z
312824295,Dami_Tn,2012449,1,26784124,2014-11-14T19:06:27Z
312824296,Dami_Tn,2012449,1,26784124,2014-11-14T19:06:27Z
312902325,MikeN,135163,5,45829656,2017-02-05T13:54:59Z
350636706,andrewpmk,1679,1,31639896,2015-06-01T16:20:17Z
350636707,andrewpmk,1679,1,31639896,2015-06-01T16:20:18Z
350636708,andrewpmk,1679,1,31639896,2015-06-01T16:20:18Z
351190370,dannykath,2226712,1,31692371,2015-06-03T13:54:48Z
351190372,dannykath,2226712,1,31692371,2015-06-03T13:54:48Z
351190373,dannykath,2226712,1,31692371,2015-06-03T13:54:48Z
351190375,dannykath,2226712,1,31692371,2015-06-03T13:54:49Z
351190377,dannykath,2226712,1,31692371,2015-06-03T13:54:49Z
351190379,dannykath,2226712,1,31692371,2015-06-03T13:54:49Z
351191703,TheDutchMan13,1330847,2,49373876,2017-06-08T17:40:43Z
351191707,TheDutchMan13,1330847,2,49373876,2017-06-08T17:40:43Z
414228506,Field Enterprise,1734334,3,39703678,2016-06-01T06:50:58Z
414229071,Field Enterprise,1734334,3,38961036,2016-04-28T18:26:50Z
414232772,Field Enterprise,1734334,2,39703779,2016-06-01T06:58:27Z
414232773,Field Enterprise,1734334,1,38961036,2016-04-28T18:26:49Z
414232774,Field Enterprise,1734334,1,38961036,2016-04-28T18:26:49Z
414232775,Field Enterprise,1734334,2,38961089,2016-04-28T18:28:19Z
414232776,Field Enterprise,1734334,2,38961089,2016-04-28T18:28:19Z
414232777,Field Enterprise,1734334,3,39703779,2016-06-01T06:58:27Z
414232778,Field Enterprise,1734334,1,38961036,2016-04-28T18:26:49Z
414232779,Field Enterprise,1734334,2,39703716,2016-06-01T06:54:47Z
414232780,Field Enterprise,1734334,1,38961036,2016-04-28T18:26:49Z
414232781,Field Enterprise,1734334,1,38961036,2016-04-28T18:26:49Z
414232782,Field Enterprise,1734334,1,38961036,2016-04-28T18:26:49Z
414232783,Field Enterprise,1734334,1,38961036,2016-04-28T18:26:49Z
414232947,Field Enterprise,1734334,1,38961089,2016-04-28T18:28:19Z
414283664,Field Enterprise,1734334,1,38970374,2016-04-29T00:41:00Z
414283665,Field Enterprise,1734334,1,38970374,2016-04-29T00:41:00Z
414283666,Field Enterprise,1734334,2,38970392,2016-04-29T00:45:12Z
414283712,Field Enterprise,1734334,3,38972153,2016-04-29T04:33:13Z
414283884,Field Enterprise,1734334,2,38970411,2016-04-29T00:49:07Z
414283930,Field Enterprise,1734334,2,38972153,2016-04-29T04:33:12Z
414283931,Field Enterprise,1734334,2,38972153,2016-04-29T04:33:12Z
414283937,Field Enterprise,1734334,1,38970428,2016-04-29T00:53:01Z
414284094,Field Enterprise,1734334,4,38972153,2016-04-29T04:33:12Z
414284522,Field Enterprise,1734334,2,38972153,2016-04-29T04:33:12Z
414302946,Field Enterprise,1734334,1,38972153,2016-04-29T04:33:12Z
414302947,Field Enterprise,1734334,1,38972153,2016-04-29T04:33:12Z
414302948,Field Enterprise,1734334,1,38972153,2016-04-29T04:33:12Z
414302949,Field Enterprise,1734334,1,38972153,2016-04-29T04:33:12Z
414302950,Field Enterprise,1734334,1,38972153,2016-04-29T04:33:12Z
414302951,Field Enterprise,1734334,1,38972153,2016-04-29T04:33:12Z
414303106,Field Enterprise,1734334,1,38972172,2016-04-29T04:35:33Z
414303108,Field Enterprise,1734334,1,38972172,2016-04-29T04:35:33Z
415852984,Field Enterprise,1734334,1,39127703,2016-05-05T19:14:01Z
415852987,Field Enterprise,1734334,1,39127703,2016-05-05T19:14:01Z
420431652,Field Enterprise,1734334,2,39561299,2016-05-25T17:20:06Z
420431662,Field Enterprise,1734334,1,39522748,2016-05-24T02:58:31Z
420431936,Field Enterprise,1734334,1,39522772,2016-05-24T03:00:45Z
420432774,Field Enterprise,1734334,1,39522858,2016-05-24T03:11:12Z
420432775,Field Enterprise,1734334,1,39522858,2016-05-24T03:11:13Z
420432777,Field Enterprise,1734334,1,39522858,2016-05-24T03:11:13Z
420433460,Field Enterprise,1734334,3,39587194,2016-05-26T18:03:46Z
420433900,Field Enterprise,1734334,2,39560698,2016-05-25T16:47:05Z
420434360,Field Enterprise,1734334,1,39522973,2016-05-24T03:28:27Z
420846165,Field Enterprise,1734334,1,39560862,2016-05-25T16:54:50Z
420846166,Field Enterprise,1734334,1,39560862,2016-05-25T16:54:50Z
420846167,Field Enterprise,1734334,1,39560862,2016-05-25T16:54:51Z
420846168,Field Enterprise,1734334,1,39560862,2016-05-25T16:54:51Z
420846169,Field Enterprise,1734334,1,39560862,2016-05-25T16:54:51Z
420846170,Field Enterprise,1734334,1,39560862,2016-05-25T16:54:51Z
420846171,Field Enterprise,1734334,1,39560862,2016-05-25T16:54:51Z
420846172,Field Enterprise,1734334,1,39560862,2016-05-25T16:54:51Z
420846173,Field Enterprise,1734334,1,39560862,2016-05-25T16:54:51Z
420851477,Field Enterprise,1734334,1,39561207,2016-05-25T17:14:42Z
420851478,Field Enterprise,1734334,1,39561207,2016-05-25T17:14:42Z
420851479,Field Enterprise,1734334,1,39561207,2016-05-25T17:14:42Z
420851480,Field Enterprise,1734334,1,39561207,2016-05-25T17:14:42Z
420851481,Field Enterprise,1734334,1,39561207,2016-05-25T17:14:42Z
420851482,Field Enterprise,1734334,1,39561207,2016-05-25T17:14:42Z
420851483,Field Enterprise,1734334,1,39561207,2016-05-25T17:14:42Z
420851484,Field Enterprise,1734334,1,39561207,2016-05-25T17:14:42Z
420852529,Field Enterprise,1734334,1,39561299,2016-05-25T17:20:06Z
421127504,Field Enterprise,1734334,1,39586773,2016-05-26T17:41:40Z
421127505,Field Enterprise,1734334,1,39586773,2016-05-26T17:41:40Z
421127506,Field Enterprise,1734334,1,39586773,2016-05-26T17:41:40Z
421127507,Field Enterprise,1734334,1,39586773,2016-05-26T17:41:40Z
421127508,Field Enterprise,1734334,1,39586773,2016-05-26T17:41:40Z
421127509,Field Enterprise,1734334,1,39586773,2016-05-26T17:41:40Z
421127510,Field Enterprise,1734334,1,39586773,2016-05-26T17:41:40Z
421127511,Field Enterprise,1734334,1,39586773,2016-05-26T17:41:40Z
421127512,Field Enterprise,1734334,1,39586773,2016-05-26T17:41:40Z
421127513,Field Enterprise,1734334,1,39586773,2016-05-26T17:41:40Z
421127514,Field Enterprise,1734334,1,39586773,2016-05-26T17:41:40Z
421127515,Field Enterprise,1734334,1,39586773,2016-05-26T17:41:40Z
421127516,Field Enterprise,1734334,1,39586773,2016-05-26T17:41:40Z
421127517,Field Enterprise,1734334,1,39586773,2016-05-26T17:41:40Z
421127518,Field Enterprise,1734334,1,39586773,2016-05-26T17:41:40Z
421127519,Field Enterprise,1734334,1,39586773,2016-05-26T17:41:40Z
421127520,Field Enterprise,1734334,1,39586773,2016-05-26T17:41:40Z
421127521,Field Enterprise,1734334,1,39586773,2016-05-26T17:41:40Z
421127522,Field Enterprise,1734334,1,39586773,2016-05-26T17:41:40Z
421128020,Field Enterprise,1734334,1,39586845,2016-05-26T17:46:06Z
421128447,Field Enterprise,1734334,1,39586942,2016-05-26T17:51:57Z
421128449,Field Enterprise,1734334,1,39586942,2016-05-26T17:51:57Z
421128450,Field Enterprise,1734334,1,39586942,2016-05-26T17:51:57Z
421128453,Field Enterprise,1734334,1,39586942,2016-05-26T17:51:57Z
421128454,Field Enterprise,1734334,1,39586942,2016-05-26T17:51:58Z
421128456,Field Enterprise,1734334,1,39586942,2016-05-26T17:51:58Z
421128458,Field Enterprise,1734334,1,39586942,2016-05-26T17:51:58Z
421129320,Field Enterprise,1734334,1,39587082,2016-05-26T17:58:29Z
421129998,Field Enterprise,1734334,2,39587194,2016-05-26T18:03:45Z
421307837,Field Enterprise,1734334,1,39607455,2016-05-27T15:53:47Z
421307838,Field Enterprise,1734334,1,39607455,2016-05-27T15:53:48Z
421308156,Field Enterprise,1734334,1,39607527,2016-05-27T15:56:44Z
421308157,Field Enterprise,1734334,1,39607527,2016-05-27T15:56:44Z
421308247,Field Enterprise,1734334,1,39607572,2016-05-27T15:59:41Z
421309585,Field Enterprise,1734334,1,39607883,2016-05-27T16:16:46Z
421310743,Field Enterprise,1734334,1,39607996,2016-05-27T16:23:02Z
421310744,Field Enterprise,1734334,1,39607996,2016-05-27T16:23:02Z
421311914,Field Enterprise,1734334,1,39608128,2016-05-27T16:29:58Z
421311915,Field Enterprise,1734334,1,39608128,2016-05-27T16:29:58Z
421311916,Field Enterprise,1734334,1,39608128,2016-05-27T16:29:58Z
421311917,Field Enterprise,1734334,2,39608161,2016-05-27T16:31:25Z
421312060,Field Enterprise,1734334,1,39608161,2016-05-27T16:31:25Z
421312351,Field Enterprise,1734334,1,39608230,2016-05-27T16:34:09Z
421313194,Field Enterprise,1734334,1,39608383,2016-05-27T16:41:43Z
421313195,Field Enterprise,1734334,1,39608383,2016-05-27T16:41:43Z
421313196,Field Enterprise,1734334,1,39608383,2016-05-27T16:41:43Z
421313197,Field Enterprise,1734334,1,39608383,2016-05-27T16:41:43Z
422142673,Field Enterprise,1734334,1,39703678,2016-06-01T06:50:58Z
422142719,Field Enterprise,1734334,1,39703691,2016-06-01T06:52:23Z
422142720,Field Enterprise,1734334,1,39703691,2016-06-01T06:52:23Z
422142886,Field Enterprise,1734334,1,39703716,2016-06-01T06:54:47Z
422143840,Field Enterprise,1734334,2,39703793,2016-06-01T06:59:16Z
422143841,Field Enterprise,1734334,1,39703779,2016-06-01T06:58:26Z
422143842,Field Enterprise,1734334,2,39703805,2016-06-01T06:59:59Z
422144011,Field Enterprise,1734334,1,39703793,2016-06-01T06:59:16Z
422144044,Field Enterprise,1734334,1,39703805,2016-06-01T06:59:59Z
422144414,Field Enterprise,1734334,1,39703832,2016-06-01T07:01:01Z
442465556,TheDutchMan13,1330847,2,49373876,2017-06-08T17:41:18Z
457971124,eric22,160949,1,44193029,2016-12-05T21:27:40Z
457971129,eric22,160949,1,44193029,2016-12-05T21:27:42Z
457971131,eric22,160949,1,44193029,2016-12-05T21:27:42Z
457971132,LukeSkydragon,5201796,2,45540787,2017-01-27T03:43:56Z
469224692,LukeSkydragon,5201796,1,45532528,2017-01-26T22:19:11Z
469224695,LukeSkydragon,5201796,1,45532528,2017-01-26T22:19:11Z
469225896,LukeSkydragon,5201796,1,45532753,2017-01-26T22:25:04Z
469225898,LukeSkydragon,5201796,2,45568867,2017-01-27T17:52:35Z
469239489,LukeSkydragon,5201796,1,45535272,2017-01-26T23:53:19Z
469239490,LukeSkydragon,5201796,1,45535272,2017-01-26T23:53:19Z
469297581,LukeSkydragon,5201796,1,45540787,2017-01-27T03:43:56Z
469297582,LukeSkydragon,5201796,1,45540787,2017-01-27T03:43:56Z
469515159,LukeSkydragon,5201796,1,45568867,2017-01-27T17:52:35Z
469515160,LukeSkydragon,5201796,1,45568867,2017-01-27T17:52:35Z
476145455,TheDutchMan13,1330847,2,49373876,2017-06-08T17:41:47Z
476145461,Field Enterprise,1734334,1,46285131,2017-02-21T19:51:12Z
476145466,TheDutchMan13,1330847,2,49373876,2017-06-08T17:41:47Z
476145471,TheDutchMan13,1330847,2,49373876,2017-06-08T17:41:48Z
476145473,Field Enterprise,1734334,1,46285131,2017-02-21T19:51:12Z
476145474,Field Enterprise,1734334,1,46285131,2017-02-21T19:51:12Z
476145475,RichRico,2219338,2,46321875,2017-02-22T22:56:41Z
476145476,Field Enterprise,1734334,1,46285131,2017-02-21T19:51:13Z
476145477,TheDutchMan13,1330847,2,49373876,2017-06-08T17:41:48Z
476145479,Field Enterprise,1734334,1,46285131,2017-02-21T19:51:13Z
495589879,frankyakapancho,6062872,2,49036046,2017-05-28T02:02:44Z
496384938,frankyakapancho,6062872,1,49036046,2017-05-28T02:02:44Z
496384939,frankyakapancho,6062872,1,49036046,2017-05-28T02:02:44Z
496384975,frankyakapancho,6062872,1,49036064,2017-05-28T02:06:02Z
496739149,calfarome,2511706,1,49082257,2017-05-29T18:54:03Z
496745860,calfarome,2511706,1,49083026,2017-05-29T19:28:39Z
496745861,calfarome,2511706,1,49083026,2017-05-29T19:28:39Z
496745862,calfarome,2511706,1,49083026,2017-05-29T19:28:39Z
496745863,calfarome,2511706,1,49083026,2017-05-29T19:28:39Z
496745864,calfarome,2511706,1,49083026,2017-05-29T19:28:39Z
496745865,calfarome,2511706,1,49083026,2017-05-29T19:28:39Z
496745867,calfarome,2511706,1,49083026,2017-05-29T19:28:40Z
496745869,calfarome,2511706,1,49083026,2017-05-29T19:28:40Z
496745871,calfarome,2511706,1,49083026,2017-05-29T19:28:40Z
496745873,calfarome,2511706,1,49083026,2017-05-29T19:28:40Z
496958148,RichRico,2219338,1,49110504,2017-05-30T17:40:39Z
496958150,RichRico,2219338,1,49110504,2017-05-30T17:40:39Z
496958151,RichRico,2219338,1,49110504,2017-05-30T17:40:39Z
496958153,RichRico,2219338,1,49110504,2017-05-30T17:40:39Z
496958154,RichRico,2219338,1,49110504,2017-05-30T17:40:39Z
496958156,RichRico,2219338,1,49110504,2017-05-30T17:40:39Z
496958157,RichRico,2219338,1,49110504,2017-05-30T17:40:39Z
496958158,RichRico,2219338,1,49110504,2017-05-30T17:40:39Z
496958159,RichRico,2219338,1,49110504,2017-05-30T17:40:39Z
496958160,RichRico,2219338,1,49110504,2017-05-30T17:40:39Z
496958161,RichRico,2219338,1,49110504,2017-05-30T17:40:39Z
496958162,RichRico,2219338,1,49110504,2017-05-30T17:40:39Z
496958163,RichRico,2219338,1,49110504,2017-05-30T17:40:39Z
496958164,RichRico,2219338,1,49110504,2017-05-30T17:40:39Z
496958165,RichRico,2219338,1,49110504,2017-05-30T17:40:39Z
496958166,RichRico,2219338,1,49110504,2017-05-30T17:40:39Z
496958167,RichRico,2219338,1,49110504,2017-05-30T17:40:40Z
496958168,RichRico,2219338,1,49110504,2017-05-30T17:40:40Z
496958169,RichRico,2219338,1,49110504,2017-05-30T17:40:40Z
496958171,RichRico,2219338,1,49110504,2017-05-30T17:40:40Z
496958173,RichRico,2219338,1,49110504,2017-05-30T17:40:40Z
496958175,RichRico,2219338,1,49110504,2017-05-30T17:40:40Z
496958177,RichRico,2219338,1,49110504,2017-05-30T17:40:40Z
496958179,RichRico,2219338,1,49110504,2017-05-30T17:40:40Z
496958181,RichRico,2219338,1,49110504,2017-05-30T17:40:40Z
496958183,RichRico,2219338,1,49110504,2017-05-30T17:40:40Z
496958185,RichRico,2219338,1,49110504,2017-05-30T17:40:40Z
496958188,RichRico,2219338,1,49110504,2017-05-30T17:40:40Z
496958190,RichRico,2219338,1,49110504,2017-05-30T17:40:40Z
496958192,RichRico,2219338,1,49110504,2017-05-30T17:40:40Z
496958193,RichRico,2219338,1,49110504,2017-05-30T17:40:40Z
496958195,RichRico,2219338,1,49110504,2017-05-30T17:40:40Z
496958197,RichRico,2219338,1,49110504,2017-05-30T17:40:40Z
496958200,RichRico,2219338,1,49110504,2017-05-30T17:40:41Z
496958202,RichRico,2219338,1,49110504,2017-05-30T17:40:41Z
496958204,RichRico,2219338,1,49110504,2017-05-30T17:40:41Z
496958206,RichRico,2219338,1,49110504,2017-05-30T17:40:41Z
496958208,RichRico,2219338,1,49110504,2017-05-30T17:40:41Z
496958210,RichRico,2219338,1,49110504,2017-05-30T17:40:41Z
496958212,RichRico,2219338,1,49110504,2017-05-30T17:40:41Z
496958214,RichRico,2219338,1,49110504,2017-05-30T17:40:41Z
496958216,RichRico,2219338,1,49110504,2017-05-30T17:40:41Z
496958217,RichRico,2219338,1,49110504,2017-05-30T17:40:41Z
496958218,RichRico,2219338,1,49110504,2017-05-30T17:40:41Z
496958219,RichRico,2219338,1,49110504,2017-05-30T17:40:41Z
